m,v,d,tt,tp,ike,cu,e,lambda,AB,e/cu,lambda_pred
0.2,10,0.04,-2.502989157,-0.9963301059999999,2.3025850930000002,0.0,4.6051701860000005,-1.609437912,-1.6686808309999999,4.6051701860000005,0.16583177
0.1,5,0.04,-2.7063516439999997,-1.8157735119999998,0.22314355100000002,0.0,4.6051701860000005,0.0,-1.6686808309999999,4.6051701860000005,1.0089339
0.5,10,0.08,-2.864002503,-1.3632343,3.218875825,0.0,4.6051701860000005,-1.609437912,-0.97553365,4.6051701860000005,0.20350759
0.5,10,0.08,-2.596687733,-1.138734528,3.218875825,0.0,4.6051701860000005,-2.3025850930000002,-0.97553365,4.6051701860000005,0.102263995
0.1,10,0.04,-2.873160721,-1.4432118630000002,1.609437912,0.0,4.6051701860000005,-2.3025850930000002,-1.6686808309999999,4.6051701860000005,0.105310105
0.2,10,0.08,-3.243680944,-1.820554084,2.3025850930000002,0.0,4.6051701860000005,-2.3025850930000002,-0.97553365,4.6051701860000005,0.102047786
0.5,10,0.08,-2.864002503,-1.3632343,3.218875825,0.0,4.6051701860000005,-1.609437912,-0.97553365,4.6051701860000005,0.20099264
0.5,5,0.04,-1.7610750869999998,-0.817377958,1.832581464,0.0,4.6051701860000005,-2.3025850930000002,-1.6686808309999999,4.6051701860000005,0.09826814
0.5,10,0.08,-2.596687733,-1.138734528,3.218875825,0.0,4.6051701860000005,-2.3025850930000002,-0.97553365,4.6051701860000005,0.10620955
0.2,10,0.04,-2.23792158,-0.779934583,2.3025850930000002,0.0,4.6051701860000005,-2.3025850930000002,-1.6686808309999999,4.6051701860000005,0.10399817
0.5,10,0.08,-2.864002503,-1.3632343,3.218875825,0.0,4.6051701860000005,-1.609437912,-0.97553365,4.6051701860000005,0.19632329
0.2,5,0.04,-2.316481198,-1.3839131980000001,0.916290732,0.0,6.214608097999999,0.0,-0.570068542,6.214608097999999,0.97635716
0.5,5,0.04,-2.786444269,-1.7809144890000002,1.832581464,1.609437912,6.214608097999999,0.0,-0.059242918,4.6051701860000005,0.94376093
0.2,20,0.08,-4.5208290380000005,-2.197288579,3.688879454,1.609437912,6.214608097999999,-1.609437912,0.633904262,4.6051701860000005,0.19040902
0.5,10,0.08,-2.897879873,-1.3556953230000002,3.218875825,0.0,6.214608097999999,-2.3025850930000002,0.123078638,6.214608097999999,0.10559327
0.5,5,0.04,-3.48675527,-2.442215044,1.832581464,1.609437912,6.214608097999999,-2.3025850930000002,-0.059242918,4.6051701860000005,0.10176197
0.2,10,0.04,-3.7567301210000004,-2.093102428,2.3025850930000002,1.609437912,6.214608097999999,-2.3025850930000002,-0.059242918,4.6051701860000005,0.11158633
0.2,15,0.04,-3.6840909369999997,-1.6744245340000001,3.113515309,1.609437912,6.214608097999999,-1.609437912,-0.059242918,4.6051701860000005,0.19714142
0.1,5,0.04,-4.054739308,-2.9178827380000003,0.22314355100000002,0.0,6.214608097999999,-1.609437912,-0.570068542,6.214608097999999,0.1827569
0.2,20,0.04,-3.186408635,-0.9921679609999999,3.688879454,1.609437912,6.214608097999999,-2.3025850930000002,-0.059242918,4.6051701860000005,0.10173293
0.5,15,0.08,-3.702572781,-1.7012462309999998,4.0298060410000005,1.609437912,6.214608097999999,-2.3025850930000002,0.633904262,4.6051701860000005,0.109334596
0.5,20,0.08,-3.50789212,-1.3203568190000001,4.6051701860000005,1.609437912,6.214608097999999,-2.3025850930000002,0.633904262,4.6051701860000005,0.108275376
0.2,10,0.04,-3.917035547,-2.237659147,2.3025850930000002,1.609437912,6.907755279,-2.3025850930000002,0.34622219,5.298317367,0.10279682
0.5,5,0.04,-3.942482213,-2.813744106,1.832581464,1.609437912,6.907755279,-1.609437912,0.34622219,5.298317367,0.20502774
0.1,15,0.04,-5.035953102,-2.825415824,2.420368129,2.3025850930000002,6.907755279,-1.609437912,0.633904262,4.6051701860000005,0.20255555
0.2,15,0.04,-4.052435159,-2.000201618,3.113515309,2.3025850930000002,6.907755279,-2.3025850930000002,0.633904262,4.6051701860000005,0.11092138
0.5,15,0.08,-3.8584822389999998,-1.8165112840000002,4.0298060410000005,1.609437912,6.907755279,-2.3025850930000002,1.03936937,5.298317367,0.1020978
0.2,20,0.08,-4.297685486000001,-2.05635021,3.688879454,1.609437912,6.907755279,-2.3025850930000002,1.03936937,5.298317367,0.10783101
0.1,20,0.04,-3.986746552,-1.760051522,2.995732274,1.609437912,6.907755279,-2.3025850930000002,0.34622219,5.298317367,0.102285355
0.5,10,0.04,-3.597942459,-1.9139542219999999,3.218875825,2.3025850930000002,6.907755279,-2.3025850930000002,0.633904262,4.6051701860000005,0.10883496
0.5,10,0.04,-3.464776363,-1.787942762,3.218875825,1.609437912,6.907755279,-1.609437912,0.34622219,5.298317367,0.19136927
0.5,20,0.04,-2.94541946,-0.6496127079999999,4.6051701860000005,2.3025850930000002,6.907755279,-2.3025850930000002,0.633904262,4.6051701860000005,0.10497447
0.5,20,0.04,-2.94541946,-0.6496127079999999,4.6051701860000005,2.3025850930000002,6.907755279,-2.3025850930000002,0.633904262,4.6051701860000005,0.09999594
0.2,15,0.04,-4.194385916,-2.112130036,3.113515309,3.218875825,7.824046011,0.0,1.5501949940000002,4.6051701860000005,0.80313075
0.5,15,0.08,-3.993233061,-1.925025754,4.0298060410000005,1.609437912,7.824046011,-2.3025850930000002,1.732516551,6.214608097999999,0.10551304
0.5,10,0.04,-4.688551795,-2.8481401969999998,3.218875825,3.218875825,7.824046011,-1.609437912,1.5501949940000002,4.6051701860000005,0.18750733
0.1,10,0.04,-4.601178165,-2.827644877,1.609437912,1.609437912,7.824046011,-2.3025850930000002,1.03936937,6.214608097999999,0.10613943
0.1,15,0.04,-3.615628992,-1.6707602780000002,2.420368129,1.609437912,7.824046011,0.0,1.03936937,6.214608097999999,0.96014696
0.1,15,0.04,-3.615628992,-1.6707602780000002,2.420368129,1.609437912,7.824046011,0.0,1.03936937,6.214608097999999,0.9856493
0.5,10,0.04,-3.302257434,-1.6185997540000001,3.218875825,1.609437912,7.824046011,-2.3025850930000002,1.03936937,6.214608097999999,0.10243417
0.5,10,0.04,-4.688551795,-2.8481401969999998,3.218875825,3.218875825,7.824046011,-1.609437912,1.5501949940000002,4.6051701860000005,0.20178829
0.2,15,0.04,-4.876978909,-2.7118775160000004,3.113515309,3.218875825,7.824046011,-2.3025850930000002,1.5501949940000002,4.6051701860000005,0.10225985
0.5,5,0.04,-3.711534145,-2.63839355,1.832581464,1.609437912,7.824046011,-2.3025850930000002,1.03936937,6.214608097999999,0.10839742
0.5,15,0.08,-4.361440001,-2.187757532,4.0298060410000005,1.609437912,7.824046011,-1.609437912,1.732516551,6.214608097999999,0.20078526
0.5,10,0.08,-3.061872076,-1.4979323169999998,3.218875825,0.0,5.298317367,-1.609437912,-0.570068542,5.298317367,0.20445278
0.5,15,0.08,-2.815078774,-1.017172404,4.0298060410000005,0.0,5.298317367,-1.609437912,-0.570068542,5.298317367,0.19907224
0.5,15,0.08,-2.815078774,-1.017172404,4.0298060410000005,0.0,5.298317367,-1.609437912,-0.570068542,5.298317367,0.19555956
0.2,5,0.04,-3.315937538,-2.3230327280000003,0.916290732,0.0,5.298317367,-1.609437912,-1.263215723,5.298317367,0.19465858
0.1,15,0.08,-3.897134393,-2.1137514530000003,2.420368129,0.0,5.298317367,-1.609437912,-0.570068542,5.298317367,0.19284242
0.2,5,0.04,-2.187650555,-1.271809202,0.916290732,0.0,5.298317367,0.0,-1.263215723,5.298317367,0.90213495
0.1,5,0.04,-3.9633163000000002,-2.840507885,0.22314355100000002,0.0,5.298317367,-1.609437912,-1.263215723,5.298317367,0.20551646
0.1,10,0.04,-3.0804190819999997,-1.583789659,1.609437912,0.0,5.298317367,-2.3025850930000002,-1.263215723,5.298317367,0.10469074
0.2,10,0.08,-3.3790445769999997,-1.923272329,2.3025850930000002,0.0,5.298317367,-2.3025850930000002,-0.570068542,5.298317367,0.098330945
0.1,10,0.04,-3.0804190819999997,-1.583789659,1.609437912,0.0,5.298317367,-2.3025850930000002,-1.263215723,5.298317367,0.10160688
0.1,15,0.08,-3.5439136839999996,-1.8920130480000001,2.420368129,0.0,5.298317367,-2.3025850930000002,-0.570068542,5.298317367,0.10121013
0.5,20,0.08,-4.260163047,-1.906874068,4.6051701860000005,2.3025850930000002,7.60090246,-2.3025850930000002,1.732516551,5.298317367,0.098613404
0.5,20,0.04,-3.172469452,-0.861206134,4.6051701860000005,2.3025850930000002,7.60090246,-2.3025850930000002,1.03936937,5.298317367,0.10275838
0.2,10,0.04,-4.806063128,-2.955204722,2.3025850930000002,2.3025850930000002,7.60090246,-1.609437912,1.03936937,5.298317367,0.2007478
0.1,20,0.04,-3.91904762,-1.688307975,2.995732274,2.3025850930000002,7.60090246,0.0,1.03936937,5.298317367,0.952203
0.5,15,0.04,-2.697703909,-0.673697557,4.0298060410000005,2.3025850930000002,7.60090246,0.0,1.03936937,5.298317367,1.0249115
0.2,20,0.04,-3.339349978,-1.0961832409999999,3.688879454,2.3025850930000002,7.60090246,0.0,1.03936937,5.298317367,0.9256271
0.5,20,0.08,-4.260163047,-1.906874068,4.6051701860000005,2.3025850930000002,7.60090246,-2.3025850930000002,1.732516551,5.298317367,0.098458275
0.2,15,0.04,-3.524043212,-1.4972169830000002,3.113515309,2.3025850930000002,7.60090246,0.0,1.03936937,5.298317367,1.0136881
0.2,10,0.04,-4.806063128,-2.955204722,2.3025850930000002,2.3025850930000002,7.60090246,-1.609437912,1.03936937,5.298317367,0.20363075
0.2,20,0.04,-4.330573353,-1.988241616,3.688879454,2.3025850930000002,7.60090246,-1.609437912,1.03936937,5.298317367,0.22216566
0.2,20,0.04,-4.330573353,-1.988241616,3.688879454,2.3025850930000002,7.60090246,-1.609437912,1.03936937,5.298317367,0.19625616
0.2,20,0.04,-4.1720899110000005,-1.8262018569999998,3.688879454,2.3025850930000002,8.517193191,-2.3025850930000002,1.732516551,6.214608097999999,0.117672086
0.5,15,0.04,-2.8231244089999996,-0.787396323,4.0298060410000005,2.3025850930000002,8.517193191,0.0,1.732516551,6.214608097999999,0.9926649
0.1,15,0.04,-5.210306489,-2.978993158,2.420368129,2.3025850930000002,8.517193191,-1.609437912,1.732516551,6.214608097999999,0.19242178
0.5,20,0.08,-4.385231766,-2.00556674,4.6051701860000005,2.3025850930000002,8.517193191,-2.3025850930000002,2.4256637309999998,6.214608097999999,0.10462918
0.2,15,0.04,-3.6260924660000002,-1.5869135019999998,3.113515309,2.3025850930000002,8.517193191,0.0,1.732516551,6.214608097999999,1.002756
0.5,20,0.08,-3.63212112,-1.3966841490000002,4.6051701860000005,2.3025850930000002,8.517193191,0.0,2.4256637309999998,6.214608097999999,0.8878261
0.5,15,0.04,-3.545991967,-1.4622945840000001,4.0298060410000005,3.218875825,8.517193191,0.0,1.955660102,5.298317367,0.9949194
0.1,20,0.04,-4.71721969,-2.370221742,2.995732274,2.3025850930000002,8.517193191,-2.3025850930000002,1.732516551,6.214608097999999,0.10563419
0.5,15,0.04,-3.545991967,-1.4622945840000001,4.0298060410000005,3.218875825,8.517193191,0.0,1.955660102,5.298317367,0.9735439
0.5,10,0.04,-3.111367617,-1.453511667,3.218875825,2.3025850930000002,8.517193191,0.0,1.732516551,6.214608097999999,0.81044704
0.5,20,0.04,-3.310443018,-0.973358562,4.6051701860000005,3.218875825,8.517193191,0.0,1.955660102,5.298317367,0.912968
0.5,15,0.04,-4.723953722,-2.566602724,4.0298060410000005,3.218875825,9.433483922999999,-1.609437912,2.648807283,6.214608097999999,0.18719591
0.5,15,0.04,-3.649658741,-1.559829036,4.0298060410000005,3.218875825,9.433483922999999,0.0,2.648807283,6.214608097999999,0.9351186
0.2,15,0.04,-4.377238118,-2.29188257,3.113515309,3.218875825,9.433483922999999,0.0,2.648807283,6.214608097999999,0.7997919
0.2,20,0.04,-5.306349538,-2.8023389030000003,3.688879454,3.218875825,9.433483922999999,-1.609437912,2.648807283,6.214608097999999,0.20148982
0.2,15,0.04,-5.146455017,-2.885336456,3.113515309,3.218875825,9.433483922999999,-2.3025850930000002,2.648807283,6.214608097999999,0.105484545
0.2,20,0.04,-4.958992061,-2.524679195,3.688879454,3.218875825,9.433483922999999,-2.3025850930000002,2.648807283,6.214608097999999,0.10239569
0.2,20,0.04,-4.958992061,-2.524679195,3.688879454,3.218875825,9.433483922999999,-2.3025850930000002,2.648807283,6.214608097999999,0.10258152
0.2,20,0.04,-4.198372633,-1.852121126,3.688879454,3.218875825,9.433483922999999,0.0,2.648807283,6.214608097999999,0.8765711
0.5,10,0.04,-3.9040548360000003,-2.1904714309999997,3.218875825,3.218875825,9.433483922999999,0.0,2.648807283,6.214608097999999,0.76693517
0.2,15,0.04,-5.146455017,-2.885336456,3.113515309,3.218875825,9.433483922999999,-2.3025850930000002,2.648807283,6.214608097999999,0.106031224
0.5,15,0.04,-3.649658741,-1.559829036,4.0298060410000005,3.218875825,9.433483922999999,0.0,2.648807283,6.214608097999999,0.9702248
0.2,10,0.04,-2.437717767,-0.936932311,2.3025850930000002,0.0,5.298317367,-2.3025850930000002,-1.263215723,5.298317367,0.110456176
0.5,15,0.08,-3.01023696,-1.13576602,4.0298060410000005,0.0,6.214608097999999,-1.609437912,0.123078638,6.214608097999999,0.21679078
0.5,5,0.04,-2.0396056330000003,-1.081472026,1.832581464,0.0,5.298317367,-2.3025850930000002,-1.263215723,5.298317367,0.10798908
0.5,10,0.08,-2.864002503,-1.3632343,3.218875825,0.0,4.6051701860000005,-1.609437912,-0.97553365,4.6051701860000005,0.19524238
0.1,10,0.04,-2.873160721,-1.4432118630000002,1.609437912,0.0,4.6051701860000005,-2.3025850930000002,-1.6686808309999999,4.6051701860000005,0.09865199
0.5,15,0.08,-3.01023696,-1.13576602,4.0298060410000005,0.0,6.214608097999999,-1.609437912,0.123078638,6.214608097999999,0.194136
0.5,5,0.04,-2.686484423,-1.6917548709999999,1.832581464,0.0,6.214608097999999,-1.609437912,-0.570068542,6.214608097999999,0.21054891
0.2,10,0.08,-3.6045383060000002,-2.084639025,2.3025850930000002,0.0,4.6051701860000005,-1.609437912,-0.97553365,4.6051701860000005,0.19931814
0.1,5,0.04,-3.711534145,-2.6731851140000003,0.22314355100000002,0.0,6.214608097999999,-2.3025850930000002,-0.570068542,6.214608097999999,0.10670642
0.5,5,0.04,-2.261059346,-1.2858772440000001,1.832581464,0.0,6.214608097999999,-2.3025850930000002,-0.570068542,6.214608097999999,0.10559378
0.1,5,0.04,-2.8271716319999998,-1.9139542219999999,0.22314355100000002,0.0,5.298317367,0.0,-1.263215723,5.298317367,1.0183434
0.5,20,0.08,-3.796910198,-1.527968531,4.6051701860000005,1.609437912,7.824046011,-2.3025850930000002,1.732516551,6.214608097999999,0.11232936
0.1,10,0.04,-4.495419322,-2.7453160260000002,1.609437912,1.609437912,6.907755279,-2.3025850930000002,0.34622219,5.298317367,0.10248113
0.2,20,0.04,-3.583438942,-1.302865393,3.688879454,1.609437912,7.824046011,-2.3025850930000002,1.03936937,6.214608097999999,0.122059695
0.1,10,0.04,-4.601178165,-2.827644877,1.609437912,1.609437912,7.824046011,-2.3025850930000002,1.03936937,6.214608097999999,0.10399857
0.5,10,0.04,-3.464776363,-1.787942762,3.218875825,1.609437912,6.907755279,-1.609437912,0.34622219,5.298317367,0.19648574
0.5,20,0.08,-3.50789212,-1.3203568190000001,4.6051701860000005,1.609437912,6.214608097999999,-2.3025850930000002,0.633904262,4.6051701860000005,0.10187716
0.2,15,0.04,-3.6840909369999997,-1.6744245340000001,3.113515309,1.609437912,6.214608097999999,-1.609437912,-0.059242918,4.6051701860000005,0.19624844
0.5,5,0.04,-2.894259305,-1.879856526,1.832581464,1.609437912,6.907755279,0.0,0.34622219,5.298317367,0.9653231
0.5,20,0.08,-3.654284809,-1.4118337319999998,4.6051701860000005,1.609437912,6.907755279,-2.3025850930000002,1.03936937,5.298317367,0.10982927
0.5,20,0.08,-3.796910198,-1.527968531,4.6051701860000005,1.609437912,7.824046011,-2.3025850930000002,1.732516551,6.214608097999999,0.10665992
0.2,10,0.04,-3.207441447,-1.570140279,2.3025850930000002,1.609437912,6.907755279,0.0,0.34622219,5.298317367,0.9969161
0.2,15,0.04,-4.230851807,-2.15254571,3.113515309,2.3025850930000002,7.60090246,-2.3025850930000002,1.03936937,5.298317367,0.10851577
0.5,15,0.04,-2.697703909,-0.673697557,4.0298060410000005,2.3025850930000002,7.60090246,0.0,1.03936937,5.298317367,1.0158113
0.2,10,0.04,-3.695300022,-2.02286463,2.3025850930000002,2.3025850930000002,6.907755279,0.0,0.633904262,4.6051701860000005,0.9670889
0.2,15,0.04,-3.524043212,-1.4972169830000002,3.113515309,2.3025850930000002,7.60090246,0.0,1.03936937,5.298317367,0.9121042
0.2,15,0.04,-3.3991993789999997,-1.3909451590000002,3.113515309,2.3025850930000002,6.907755279,0.0,0.633904262,4.6051701860000005,1.017604
0.1,15,0.04,-5.210306489,-2.978993158,2.420368129,2.3025850930000002,8.517193191,-1.609437912,1.732516551,6.214608097999999,0.19094904
0.2,10,0.04,-4.884884089,-3.023884865,2.3025850930000002,2.3025850930000002,8.517193191,-1.609437912,1.732516551,6.214608097999999,0.20611097
0.5,10,0.04,-3.891240466,-2.195705731,3.218875825,2.3025850930000002,6.907755279,-1.609437912,0.633904262,4.6051701860000005,0.20572141
0.2,15,0.04,-4.230851807,-2.15254571,3.113515309,2.3025850930000002,7.60090246,-2.3025850930000002,1.03936937,5.298317367,0.10557787
0.5,10,0.04,-3.597942459,-1.9139542219999999,3.218875825,2.3025850930000002,6.907755279,-2.3025850930000002,0.633904262,4.6051701860000005,0.10883683
0.5,15,0.04,-3.520656822,-1.4647489969999998,4.0298060410000005,2.3025850930000002,6.907755279,-1.609437912,0.633904262,4.6051701860000005,0.19360471
0.2,20,0.04,-4.947660495,-2.555466463,3.688879454,3.218875825,7.824046011,-1.609437912,1.5501949940000002,4.6051701860000005,0.19603206
0.2,15,0.04,-5.014643315,-2.803130407,3.113515309,3.218875825,8.517193191,-2.3025850930000002,1.955660102,5.298317367,0.10059178
0.5,20,0.04,-4.147745339,-1.790456319,4.6051701860000005,3.218875825,7.824046011,-1.609437912,1.5501949940000002,4.6051701860000005,0.19349022
0.5,10,0.04,-4.530062714,-2.726132709,3.218875825,3.218875825,8.517193191,-2.3025850930000002,1.955660102,5.298317367,0.10324693
0.5,15,0.04,-4.390058806,-2.27789248,4.0298060410000005,3.218875825,7.824046011,-1.609437912,1.5501949940000002,4.6051701860000005,0.19872925
0.5,10,0.04,-4.688551795,-2.8481401969999998,3.218875825,3.218875825,7.824046011,-1.609437912,1.5501949940000002,4.6051701860000005,0.19066198
0.2,15,0.04,-5.014643315,-2.803130407,3.113515309,3.218875825,8.517193191,-2.3025850930000002,1.955660102,5.298317367,0.10542418
0.2,20,0.04,-4.108037888999999,-1.750609848,3.688879454,3.218875825,8.517193191,0.0,1.955660102,5.298317367,0.9645265
0.5,15,0.04,-4.401413348,-2.2657518430000003,4.0298060410000005,3.218875825,9.433483922999999,-2.3025850930000002,2.648807283,6.214608097999999,0.10303837
0.2,20,0.04,-4.947660495,-2.555466463,3.688879454,3.218875825,7.824046011,-1.609437912,1.5501949940000002,4.6051701860000005,0.20652005
0.2,15,0.04,-4.876978909,-2.7118775160000004,3.113515309,3.218875825,7.824046011,-2.3025850930000002,1.5501949940000002,4.6051701860000005,0.1076601
0.1,20,0.04,-3.91904762,-1.688307975,2.995732274,2.3025850930000002,7.60090246,0.0,1.03936937,5.298317367,0.9319317
0.2,15,0.04,-4.294748627,-2.194125385,3.113515309,3.218875825,8.517193191,0.0,1.955660102,5.298317367,0.8858764
0.2,10,0.04,-3.695300022,-2.02286463,2.3025850930000002,2.3025850930000002,6.907755279,0.0,0.633904262,4.6051701860000005,0.9930538
0.1,5,0.04,-2.7063516439999997,-1.8157735119999998,0.22314355100000002,0.0,4.6051701860000005,0.0,-1.6686808309999999,4.6051701860000005,0.9923699
0.5,10,0.04,-2.353457423,-0.728923592,3.218875825,1.609437912,6.907755279,0.0,0.34622219,5.298317367,0.9552644
0.5,5,0.04,-2.786444269,-1.7809144890000002,1.832581464,1.609437912,6.214608097999999,0.0,-0.059242918,4.6051701860000005,0.97048205
0.2,20,0.04,-4.198372633,-1.852121126,3.688879454,3.218875825,9.433483922999999,0.0,2.648807283,6.214608097999999,0.8459384
0.5,10,0.04,-2.353457423,-0.728923592,3.218875825,1.609437912,6.907755279,0.0,0.34622219,5.298317367,0.99008954
0.1,5,0.04,-2.8271716319999998,-1.9139542219999999,0.22314355100000002,0.0,5.298317367,0.0,-1.263215723,5.298317367,0.9291093
0.1,10,0.04,-3.658156281,-2.040651691,1.609437912,1.609437912,6.214608097999999,0.0,-0.059242918,4.6051701860000005,1.0299062
0.2,10,0.04,-3.077810385,-1.4659438130000002,2.3025850930000002,1.609437912,6.214608097999999,0.0,-0.059242918,4.6051701860000005,0.91294956
0.1,15,0.04,-4.190415031000001,-2.155131072,2.420368129,1.609437912,6.907755279,-2.3025850930000002,0.34622219,5.298317367,0.103094935
0.5,20,0.08,-3.654284809,-1.4118337319999998,4.6051701860000005,1.609437912,6.907755279,-2.3025850930000002,1.03936937,5.298317367,0.1042543
0.5,20,0.08,-4.385231766,-2.00556674,4.6051701860000005,2.3025850930000002,8.517193191,-2.3025850930000002,2.4256637309999998,6.214608097999999,0.10975982
0.1,20,0.04,-3.986746552,-1.760051522,2.995732274,1.609437912,6.907755279,-2.3025850930000002,0.34622219,5.298317367,0.103483416
0.1,20,0.04,-3.8022721410000004,-1.618337396,2.995732274,1.609437912,6.214608097999999,-2.3025850930000002,-0.059242918,4.6051701860000005,0.10303049
0.1,15,0.08,-3.6698614480000002,-2.002954687,2.420368129,0.0,6.214608097999999,-2.3025850930000002,0.123078638,6.214608097999999,0.10731496
0.1,15,0.04,-4.190415031000001,-2.155131072,2.420368129,1.609437912,6.907755279,-2.3025850930000002,0.34622219,5.298317367,0.104403764
0.1,15,0.04,-4.022954566,-2.028626762,2.420368129,1.609437912,6.214608097999999,-2.3025850930000002,-0.059242918,4.6051701860000005,0.1068685
0.5,10,0.08,-2.75986995,-1.25650195,3.218875825,0.0,5.298317367,-2.3025850930000002,-0.570068542,5.298317367,0.10577903
0.5,10,0.04,-4.530062714,-2.726132709,3.218875825,3.218875825,8.517193191,-2.3025850930000002,1.955660102,5.298317367,0.105234385
0.2,20,0.08,-4.195713057,-1.9920462380000001,3.688879454,1.609437912,6.214608097999999,-2.3025850930000002,0.633904262,4.6051701860000005,0.09854755
0.1,10,0.04,-3.135914304,-1.6566343469999998,1.609437912,0.0,4.6051701860000005,-1.609437912,-1.6686808309999999,4.6051701860000005,0.19585004
0.1,5,0.04,-3.755019257,-2.7298664539999997,0.22314355100000002,0.0,4.6051701860000005,-1.609437912,-1.6686808309999999,4.6051701860000005,0.1951301
0.2,10,0.04,-4.884884089,-3.023884865,2.3025850930000002,2.3025850930000002,8.517193191,-1.609437912,1.732516551,6.214608097999999,0.20156066
0.2,10,0.04,-2.997333555,-1.3994039169999999,2.3025850930000002,0.0,6.214608097999999,-1.609437912,-0.570068542,6.214608097999999,0.21649528
0.1,15,0.04,-5.132802928,-2.907355163,2.420368129,2.3025850930000002,7.60090246,-1.609437912,1.03936937,5.298317367,0.20464635
0.2,10,0.04,-4.054739308,-2.379595735,2.3025850930000002,1.609437912,6.214608097999999,-1.609437912,-0.059242918,4.6051701860000005,0.1873831
0.1,5,0.04,-3.9633163000000002,-2.840507885,0.22314355100000002,0.0,5.298317367,-1.609437912,-1.263215723,5.298317367,0.20142463
0.2,20,0.08,-4.5208290380000005,-2.197288579,3.688879454,1.609437912,6.214608097999999,-1.609437912,0.633904262,4.6051701860000005,0.20185919
0.1,15,0.08,-4.00743319,-2.218685218,2.420368129,0.0,6.214608097999999,-1.609437912,0.123078638,6.214608097999999,0.1935599
0.5,20,0.08,-4.71721969,-2.240925713,4.6051701860000005,2.3025850930000002,8.517193191,-1.609437912,2.4256637309999998,6.214608097999999,0.20382054
0.5,20,0.08,-3.780117935,-1.551319959,4.6051701860000005,1.609437912,6.214608097999999,-1.609437912,0.633904262,4.6051701860000005,0.18924157
0.2,5,0.04,-2.772588722,-1.829261979,0.916290732,0.0,4.6051701860000005,-2.3025850930000002,-1.6686808309999999,4.6051701860000005,0.10645505
0.2,10,0.04,-2.502989157,-0.9963301059999999,2.3025850930000002,0.0,4.6051701860000005,-1.609437912,-1.6686808309999999,4.6051701860000005,0.19314933
0.2,10,0.04,-2.502989157,-0.9963301059999999,2.3025850930000002,0.0,4.6051701860000005,-1.609437912,-1.6686808309999999,4.6051701860000005,0.19314933
0.5,5,0.04,-1.7610750869999998,-0.817377958,1.832581464,0.0,4.6051701860000005,-2.3025850930000002,-1.6686808309999999,4.6051701860000005,0.09974514
0.1,10,0.04,-3.135914304,-1.6566343469999998,1.609437912,0.0,4.6051701860000005,-1.609437912,-1.6686808309999999,4.6051701860000005,0.18748923
0.2,10,0.04,-2.23792158,-0.779934583,2.3025850930000002,0.0,4.6051701860000005,-2.3025850930000002,-1.6686808309999999,4.6051701860000005,0.102799445
0.2,10,0.04,-2.23792158,-0.779934583,2.3025850930000002,0.0,4.6051701860000005,-2.3025850930000002,-1.6686808309999999,4.6051701860000005,0.10668444
0.1,5,0.04,-3.4088264089999996,-2.445993676,0.22314355100000002,0.0,4.6051701860000005,-2.3025850930000002,-1.6686808309999999,4.6051701860000005,0.10411167
0.1,5,0.04,-2.7063516439999997,-1.8157735119999998,0.22314355100000002,0.0,4.6051701860000005,0.0,-1.6686808309999999,4.6051701860000005,0.96302164
0.1,5,0.04,-2.7063516439999997,-1.8157735119999998,0.22314355100000002,0.0,4.6051701860000005,0.0,-1.6686808309999999,4.6051701860000005,0.9733837
0.5,5,0.04,-1.7610750869999998,-0.817377958,1.832581464,0.0,4.6051701860000005,-2.3025850930000002,-1.6686808309999999,4.6051701860000005,0.10174491
0.5,10,0.04,-2.904430115,-1.259443232,3.218875825,1.609437912,6.214608097999999,-2.3025850930000002,-0.059242918,4.6051701860000005,0.108407184
0.1,10,0.04,-3.658156281,-2.040651691,1.609437912,1.609437912,6.214608097999999,0.0,-0.059242918,4.6051701860000005,0.9578054
0.5,5,0.04,-3.772261063,-2.692550938,1.832581464,1.609437912,6.214608097999999,-1.609437912,-0.059242918,4.6051701860000005,0.1947183
0.5,5,0.04,-2.786444269,-1.7809144890000002,1.832581464,1.609437912,6.214608097999999,0.0,-0.059242918,4.6051701860000005,0.9901985
0.5,10,0.04,-2.904430115,-1.259443232,3.218875825,1.609437912,6.214608097999999,-2.3025850930000002,-0.059242918,4.6051701860000005,0.10438194
0.5,10,0.04,-2.904430115,-1.259443232,3.218875825,1.609437912,6.214608097999999,-2.3025850930000002,-0.059242918,4.6051701860000005,0.104460835
0.5,5,0.04,-2.786444269,-1.7809144890000002,1.832581464,1.609437912,6.214608097999999,0.0,-0.059242918,4.6051701860000005,0.95310456
0.2,15,0.04,-3.402197882,-1.417661197,3.113515309,1.609437912,6.214608097999999,-2.3025850930000002,-0.059242918,4.6051701860000005,0.10411065
0.2,20,0.04,-3.186408635,-0.9921679609999999,3.688879454,1.609437912,6.214608097999999,-2.3025850930000002,-0.059242918,4.6051701860000005,0.107534245
0.1,10,0.04,-3.658156281,-2.040651691,1.609437912,1.609437912,6.214608097999999,0.0,-0.059242918,4.6051701860000005,0.96506095
0.5,5,0.04,-3.48675527,-2.442215044,1.832581464,1.609437912,6.214608097999999,-2.3025850930000002,-0.059242918,4.6051701860000005,0.10809075
0.5,10,0.04,-3.597942459,-1.9139542219999999,3.218875825,2.3025850930000002,6.907755279,-2.3025850930000002,0.633904262,4.6051701860000005,0.10495593
0.2,10,0.04,-4.377238118,-2.641813123,2.3025850930000002,2.3025850930000002,6.907755279,-2.3025850930000002,0.633904262,4.6051701860000005,0.10656991
0.1,20,0.04,-4.411249493,-2.1164707380000003,2.995732274,2.3025850930000002,6.907755279,-2.3025850930000002,0.633904262,4.6051701860000005,0.10152109
0.2,10,0.04,-4.377238118,-2.641813123,2.3025850930000002,2.3025850930000002,6.907755279,-2.3025850930000002,0.633904262,4.6051701860000005,0.10613021
0.5,20,0.08,-3.780117935,-1.551319959,4.6051701860000005,1.609437912,6.214608097999999,-1.609437912,0.633904262,4.6051701860000005,0.20054188
0.2,15,0.04,-4.052435159,-2.000201618,3.113515309,2.3025850930000002,6.907755279,-2.3025850930000002,0.633904262,4.6051701860000005,0.1012159
0.5,15,0.04,-3.520656822,-1.4647489969999998,4.0298060410000005,2.3025850930000002,6.907755279,-1.609437912,0.633904262,4.6051701860000005,0.20010754
0.5,10,0.04,-3.891240466,-2.195705731,3.218875825,2.3025850930000002,6.907755279,-1.609437912,0.633904262,4.6051701860000005,0.19186123
0.2,10,0.04,-4.706096105,-2.869416854,2.3025850930000002,2.3025850930000002,6.907755279,-1.609437912,0.633904262,4.6051701860000005,0.19198649
0.2,20,0.04,-3.814896295,-1.5248945790000001,3.688879454,2.3025850930000002,6.907755279,-2.3025850930000002,0.633904262,4.6051701860000005,0.12203892
0.2,15,0.04,-3.3991993789999997,-1.3909451590000002,3.113515309,2.3025850930000002,6.907755279,0.0,0.633904262,4.6051701860000005,1.0423437
0.5,20,0.08,-3.4731231210000004,-1.2612347529999999,4.6051701860000005,2.3025850930000002,6.907755279,0.0,1.327051443,4.6051701860000005,0.99645805
0.5,20,0.08,-3.4731231210000004,-1.2612347529999999,4.6051701860000005,2.3025850930000002,6.907755279,0.0,1.327051443,4.6051701860000005,1.0000108
0.5,20,0.08,-3.4731231210000004,-1.2612347529999999,4.6051701860000005,2.3025850930000002,6.907755279,0.0,1.327051443,4.6051701860000005,0.99723905
0.5,20,0.08,-4.105607755,-1.793456909,4.6051701860000005,2.3025850930000002,6.907755279,-2.3025850930000002,1.327051443,4.6051701860000005,0.106272824
0.5,20,0.08,-3.4731231210000004,-1.2612347529999999,4.6051701860000005,2.3025850930000002,6.907755279,0.0,1.327051443,4.6051701860000005,1.0006247
0.5,20,0.08,-3.4731231210000004,-1.2612347529999999,4.6051701860000005,2.3025850930000002,6.907755279,0.0,1.327051443,4.6051701860000005,1.0006247
0.5,20,0.08,-3.4731231210000004,-1.2612347529999999,4.6051701860000005,2.3025850930000002,6.907755279,0.0,1.327051443,4.6051701860000005,1.0006247
0.5,20,0.08,-4.472389075,-2.067797596,4.6051701860000005,2.3025850930000002,6.907755279,-1.609437912,1.327051443,4.6051701860000005,0.19383967
0.5,20,0.08,-3.4731231210000004,-1.2612347529999999,4.6051701860000005,2.3025850930000002,6.907755279,0.0,1.327051443,4.6051701860000005,1.0065929
0.5,20,0.08,-4.105607755,-1.793456909,4.6051701860000005,2.3025850930000002,6.907755279,-2.3025850930000002,1.327051443,4.6051701860000005,0.10368427
0.5,20,0.08,-3.4731231210000004,-1.2612347529999999,4.6051701860000005,2.3025850930000002,6.907755279,0.0,1.327051443,4.6051701860000005,0.9467967
0.2,15,0.04,-5.163786474,-2.9187712319999997,3.113515309,3.218875825,7.824046011,-1.609437912,1.5501949940000002,4.6051701860000005,0.20554471
0.2,15,0.04,-4.876978909,-2.7118775160000004,3.113515309,3.218875825,7.824046011,-2.3025850930000002,1.5501949940000002,4.6051701860000005,0.100263916
0.5,15,0.04,-3.419157707,-1.350433131,4.0298060410000005,3.218875825,7.824046011,0.0,1.5501949940000002,4.6051701860000005,0.87295616
0.2,15,0.04,-4.876978909,-2.7118775160000004,3.113515309,3.218875825,7.824046011,-2.3025850930000002,1.5501949940000002,4.6051701860000005,0.10141726
0.5,15,0.04,-3.419157707,-1.350433131,4.0298060410000005,3.218875825,7.824046011,0.0,1.5501949940000002,4.6051701860000005,0.8967628
0.5,15,0.04,-3.419157707,-1.350433131,4.0298060410000005,3.218875825,7.824046011,0.0,1.5501949940000002,4.6051701860000005,0.870465
0.5,20,0.04,-3.8490482060000004,-1.4991316469999998,4.6051701860000005,3.218875825,7.824046011,-2.3025850930000002,1.5501949940000002,4.6051701860000005,0.10307955
0.2,20,0.04,-4.947660495,-2.555466463,3.688879454,3.218875825,7.824046011,-1.609437912,1.5501949940000002,4.6051701860000005,0.18819381
0.5,15,0.04,-4.390058806,-2.27789248,4.0298060410000005,3.218875825,7.824046011,-1.609437912,1.5501949940000002,4.6051701860000005,0.1974259
0.5,15,0.04,-4.390058806,-2.27789248,4.0298060410000005,3.218875825,7.824046011,-1.609437912,1.5501949940000002,4.6051701860000005,0.20447873
0.2,20,0.04,-4.947660495,-2.555466463,3.688879454,3.218875825,7.824046011,-1.609437912,1.5501949940000002,4.6051701860000005,0.19327421
0.1,5,0.04,-3.590664407,-2.569941799,0.22314355100000002,0.0,5.298317367,-2.3025850930000002,-1.263215723,5.298317367,0.10576488
0.2,10,0.04,-2.7485597439999996,-1.196692702,2.3025850930000002,0.0,5.298317367,-1.609437912,-1.263215723,5.298317367,0.19142541
0.2,5,0.04,-2.187650555,-1.271809202,0.916290732,0.0,5.298317367,0.0,-1.263215723,5.298317367,0.9417558
0.5,5,0.04,-2.0396056330000003,-1.081472026,1.832581464,0.0,5.298317367,-2.3025850930000002,-1.263215723,5.298317367,0.105467826
0.1,10,0.04,-3.0804190819999997,-1.583789659,1.609437912,0.0,5.298317367,-2.3025850930000002,-1.263215723,5.298317367,0.10493926
0.1,5,0.04,-3.9633163000000002,-2.840507885,0.22314355100000002,0.0,5.298317367,-1.609437912,-1.263215723,5.298317367,0.20039937
0.1,10,0.04,-3.3761146010000003,-1.830758127,1.609437912,0.0,5.298317367,-1.609437912,-1.263215723,5.298317367,0.19560069
0.2,5,0.04,-2.9592074989999997,-1.9884461119999999,0.916290732,0.0,5.298317367,-2.3025850930000002,-1.263215723,5.298317367,0.10317498
0.2,10,0.04,-2.7485597439999996,-1.196692702,2.3025850930000002,0.0,5.298317367,-1.609437912,-1.263215723,5.298317367,0.19180432
0.1,5,0.04,-3.590664407,-2.569941799,0.22314355100000002,0.0,5.298317367,-2.3025850930000002,-1.263215723,5.298317367,0.10292302
0.1,10,0.04,-3.3761146010000003,-1.830758127,1.609437912,0.0,5.298317367,-1.609437912,-1.263215723,5.298317367,0.19721685
0.1,20,0.04,-3.986746552,-1.760051522,2.995732274,1.609437912,6.907755279,-2.3025850930000002,0.34622219,5.298317367,0.10644285
0.1,20,0.04,-4.300630996000001,-2.015033029,2.995732274,1.609437912,6.907755279,-1.609437912,0.34622219,5.298317367,0.20202112
0.1,15,0.04,-4.5116798430000005,-2.449740298,2.420368129,1.609437912,6.907755279,-1.609437912,0.34622219,5.298317367,0.1946449
0.2,15,0.04,-3.606746625,-1.58701128,3.113515309,1.609437912,6.907755279,-2.3025850930000002,0.34622219,5.298317367,0.10088593
0.5,5,0.04,-2.894259305,-1.879856526,1.832581464,1.609437912,6.907755279,0.0,0.34622219,5.298317367,0.9762787
0.1,10,0.04,-4.495419322,-2.7453160260000002,1.609437912,1.609437912,6.907755279,-2.3025850930000002,0.34622219,5.298317367,0.100310184
0.2,10,0.04,-3.207441447,-1.570140279,2.3025850930000002,1.609437912,6.907755279,0.0,0.34622219,5.298317367,0.9987601
0.2,10,0.04,-3.917035547,-2.237659147,2.3025850930000002,1.609437912,6.907755279,-2.3025850930000002,0.34622219,5.298317367,0.10427729
0.5,5,0.04,-3.610438028,-2.558148536,1.832581464,1.609437912,6.907755279,-2.3025850930000002,0.34622219,5.298317367,0.10447386
0.5,10,0.04,-2.353457423,-0.728923592,3.218875825,1.609437912,6.907755279,0.0,0.34622219,5.298317367,1.0000556
0.5,5,0.04,-3.942482213,-2.813744106,1.832581464,1.609437912,6.907755279,-1.609437912,0.34622219,5.298317367,0.20910992
0.5,15,0.04,-3.4345473610000004,-1.37267552,4.0298060410000005,2.3025850930000002,7.60090246,-2.3025850930000002,1.03936937,5.298317367,0.10980157
0.1,20,0.04,-3.91904762,-1.688307975,2.995732274,2.3025850930000002,7.60090246,0.0,1.03936937,5.298317367,0.92357117
0.5,20,0.04,-3.172469452,-0.861206134,4.6051701860000005,2.3025850930000002,7.60090246,-2.3025850930000002,1.03936937,5.298317367,0.10500599
0.5,15,0.04,-2.697703909,-0.673697557,4.0298060410000005,2.3025850930000002,7.60090246,0.0,1.03936937,5.298317367,0.9975993
0.2,20,0.08,-4.297685486000001,-2.05635021,3.688879454,1.609437912,6.907755279,-2.3025850930000002,1.03936937,5.298317367,0.10285944
0.5,10,0.04,-3.302257434,-1.6185997540000001,3.218875825,1.609437912,7.824046011,-2.3025850930000002,1.03936937,6.214608097999999,0.1113865
0.2,10,0.04,-3.79423997,-2.115972755,2.3025850930000002,2.3025850930000002,7.60090246,0.0,1.03936937,5.298317367,0.79859096
0.5,10,0.04,-3.031152219,-1.355881555,3.218875825,2.3025850930000002,7.60090246,0.0,1.03936937,5.298317367,0.9102124
0.1,15,0.04,-4.08162579,-2.048004892,2.420368129,2.3025850930000002,7.60090246,0.0,1.03936937,5.298317367,0.97567713
0.1,15,0.04,-4.336670933,-2.2771512919999997,2.420368129,1.609437912,7.824046011,-2.3025850930000002,1.03936937,6.214608097999999,0.104597606
0.5,15,0.08,-3.8584822389999998,-1.8165112840000002,4.0298060410000005,1.609437912,6.907755279,-2.3025850930000002,1.03936937,5.298317367,0.10129056
0.5,10,0.04,-4.530062714,-2.726132709,3.218875825,3.218875825,8.517193191,-2.3025850930000002,1.955660102,5.298317367,0.10361498
0.5,10,0.04,-4.815891217,-2.9433675530000003,3.218875825,3.218875825,8.517193191,-1.609437912,1.955660102,5.298317367,0.20554885
0.5,10,0.04,-4.815891217,-2.9433675530000003,3.218875825,3.218875825,8.517193191,-1.609437912,1.955660102,5.298317367,0.20165004
0.2,15,0.04,-5.014643315,-2.803130407,3.113515309,3.218875825,8.517193191,-2.3025850930000002,1.955660102,5.298317367,0.10344913
0.5,20,0.04,-3.310443018,-0.973358562,4.6051701860000005,3.218875825,8.517193191,0.0,1.955660102,5.298317367,0.9162538
0.2,15,0.04,-4.294748627,-2.194125385,3.113515309,3.218875825,8.517193191,0.0,1.955660102,5.298317367,0.9149066
0.2,15,0.04,-5.259096653,-2.99990095,3.113515309,3.218875825,8.517193191,-1.609437912,1.955660102,5.298317367,0.18274295
0.2,15,0.04,-4.294748627,-2.194125385,3.113515309,3.218875825,8.517193191,0.0,1.955660102,5.298317367,0.9381056
0.5,20,0.04,-4.37088889,-1.987453237,4.6051701860000005,3.218875825,8.517193191,-1.609437912,1.955660102,5.298317367,0.19228616
0.5,15,0.04,-4.260163047,-2.146573289,4.0298060410000005,3.218875825,8.517193191,-2.3025850930000002,1.955660102,5.298317367,0.1075423
0.5,10,0.04,-3.8249282989999998,-2.114182066,3.218875825,3.218875825,8.517193191,0.0,1.955660102,5.298317367,0.8528089
0.2,10,0.04,-2.997333555,-1.3994039169999999,2.3025850930000002,0.0,6.214608097999999,-1.609437912,-0.570068542,6.214608097999999,0.21449704
0.2,10,0.08,-3.3790445769999997,-1.923272329,2.3025850930000002,0.0,5.298317367,-2.3025850930000002,-0.570068542,5.298317367,0.103402056
0.2,10,0.04,-2.646202798,-1.0984243059999999,2.3025850930000002,0.0,6.214608097999999,-2.3025850930000002,-0.570068542,6.214608097999999,0.106172636
0.1,10,0.04,-3.249335032,-1.704584106,1.609437912,0.0,6.214608097999999,-2.3025850930000002,-0.570068542,6.214608097999999,0.110291705
0.1,5,0.04,-4.054739308,-2.9178827380000003,0.22314355100000002,0.0,6.214608097999999,-1.609437912,-0.570068542,6.214608097999999,0.19223884
0.5,5,0.04,-1.3293848670000001,-0.332690596,1.832581464,0.0,6.214608097999999,0.0,-0.570068542,6.214608097999999,0.808144
0.2,10,0.04,-2.997333555,-1.3994039169999999,2.3025850930000002,0.0,6.214608097999999,-1.609437912,-0.570068542,6.214608097999999,0.21008478
0.2,5,0.04,-3.5092281260000004,-2.47879735,0.916290732,0.0,6.214608097999999,-1.609437912,-0.570068542,6.214608097999999,0.18135989
0.1,15,0.08,-3.5439136839999996,-1.8920130480000001,2.420368129,0.0,5.298317367,-2.3025850930000002,-0.570068542,5.298317367,0.115066394
0.2,10,0.08,-3.3790445769999997,-1.923272329,2.3025850930000002,0.0,5.298317367,-2.3025850930000002,-0.570068542,5.298317367,0.09877298
0.1,5,0.04,-4.054739308,-2.9178827380000003,0.22314355100000002,0.0,6.214608097999999,-1.609437912,-0.570068542,6.214608097999999,0.19776745
0.5,20,0.08,-4.625372893,-2.162475385,4.6051701860000005,2.3025850930000002,7.60090246,-1.609437912,1.732516551,5.298317367,0.18929403
0.2,15,0.04,-4.3724724219999995,-2.274347552,3.113515309,2.3025850930000002,8.517193191,-2.3025850930000002,1.732516551,6.214608097999999,0.10688873
0.2,20,0.08,-4.706096105,-2.339913198,3.688879454,1.609437912,7.824046011,-1.609437912,1.732516551,6.214608097999999,0.20024781
0.2,20,0.04,-4.1720899110000005,-1.8262018569999998,3.688879454,2.3025850930000002,8.517193191,-2.3025850930000002,1.732516551,6.214608097999999,0.11417061
0.2,15,0.04,-3.6260924660000002,-1.5869135019999998,3.113515309,2.3025850930000002,8.517193191,0.0,1.732516551,6.214608097999999,0.9243116
0.2,20,0.08,-4.706096105,-2.339913198,3.688879454,1.609437912,7.824046011,-1.609437912,1.732516551,6.214608097999999,0.20550713
0.5,20,0.08,-4.156645588,-1.8279422419999998,4.6051701860000005,1.609437912,7.824046011,-1.609437912,1.732516551,6.214608097999999,0.19248505
0.2,15,0.04,-4.3724724219999995,-2.274347552,3.113515309,2.3025850930000002,8.517193191,-2.3025850930000002,1.732516551,6.214608097999999,0.105997
0.2,15,0.04,-3.6260924660000002,-1.5869135019999998,3.113515309,2.3025850930000002,8.517193191,0.0,1.732516551,6.214608097999999,0.9935525
0.2,20,0.08,-3.624590964,-1.576390058,3.688879454,1.609437912,7.824046011,0.0,1.732516551,6.214608097999999,0.9417313
0.5,20,0.08,-3.796910198,-1.527968531,4.6051701860000005,1.609437912,7.824046011,-2.3025850930000002,1.732516551,6.214608097999999,0.09897626
0.5,20,0.08,-4.385231766,-2.00556674,4.6051701860000005,2.3025850930000002,8.517193191,-2.3025850930000002,2.4256637309999998,6.214608097999999,0.09800402
0.5,20,0.08,-4.385231766,-2.00556674,4.6051701860000005,2.3025850930000002,8.517193191,-2.3025850930000002,2.4256637309999998,6.214608097999999,0.09800402
0.5,20,0.08,-3.63212112,-1.3966841490000002,4.6051701860000005,2.3025850930000002,8.517193191,0.0,2.4256637309999998,6.214608097999999,0.88888943
0.5,20,0.08,-4.71721969,-2.240925713,4.6051701860000005,2.3025850930000002,8.517193191,-1.609437912,2.4256637309999998,6.214608097999999,0.1992501
0.5,20,0.08,-3.63212112,-1.3966841490000002,4.6051701860000005,2.3025850930000002,8.517193191,0.0,2.4256637309999998,6.214608097999999,0.9442669
0.5,20,0.08,-3.63212112,-1.3966841490000002,4.6051701860000005,2.3025850930000002,8.517193191,0.0,2.4256637309999998,6.214608097999999,0.96022
0.5,20,0.08,-4.71721969,-2.240925713,4.6051701860000005,2.3025850930000002,8.517193191,-1.609437912,2.4256637309999998,6.214608097999999,0.19906968
0.5,20,0.08,-4.385231766,-2.00556674,4.6051701860000005,2.3025850930000002,8.517193191,-2.3025850930000002,2.4256637309999998,6.214608097999999,0.09954917
0.5,20,0.08,-4.71721969,-2.240925713,4.6051701860000005,2.3025850930000002,8.517193191,-1.609437912,2.4256637309999998,6.214608097999999,0.21006553
0.5,20,0.08,-4.71721969,-2.240925713,4.6051701860000005,2.3025850930000002,8.517193191,-1.609437912,2.4256637309999998,6.214608097999999,0.20987114
0.5,20,0.08,-3.63212112,-1.3966841490000002,4.6051701860000005,2.3025850930000002,8.517193191,0.0,2.4256637309999998,6.214608097999999,1.0039945
0.5,20,0.04,-4.554477072,-2.149006005,4.6051701860000005,3.218875825,9.433483922999999,-1.609437912,2.648807283,6.214608097999999,0.20032905
0.5,15,0.04,-4.723953722,-2.566602724,4.0298060410000005,3.218875825,9.433483922999999,-1.609437912,2.648807283,6.214608097999999,0.19075811
0.5,10,0.04,-4.658570963,-2.8105481510000003,3.218875825,3.218875825,9.433483922999999,-2.3025850930000002,2.648807283,6.214608097999999,0.10499139
0.5,20,0.04,-4.554477072,-2.149006005,4.6051701860000005,3.218875825,9.433483922999999,-1.609437912,2.648807283,6.214608097999999,0.21055311
0.5,15,0.04,-4.723953722,-2.566602724,4.0298060410000005,3.218875825,9.433483922999999,-1.609437912,2.648807283,6.214608097999999,0.20829491
0.5,10,0.04,-4.658570963,-2.8105481510000003,3.218875825,3.218875825,9.433483922999999,-2.3025850930000002,2.648807283,6.214608097999999,0.10124961
0.5,15,0.04,-4.723953722,-2.566602724,4.0298060410000005,3.218875825,9.433483922999999,-1.609437912,2.648807283,6.214608097999999,0.19475625
0.5,15,0.04,-4.401413348,-2.2657518430000003,4.0298060410000005,3.218875825,9.433483922999999,-2.3025850930000002,2.648807283,6.214608097999999,0.10929618
0.2,20,0.04,-4.958992061,-2.524679195,3.688879454,3.218875825,9.433483922999999,-2.3025850930000002,2.648807283,6.214608097999999,0.10229072
0.5,15,0.04,-3.649658741,-1.559829036,4.0298060410000005,3.218875825,9.433483922999999,0.0,2.648807283,6.214608097999999,0.8667537
0.5,20,0.04,-4.20908224,-1.8230767769999998,4.6051701860000005,3.218875825,9.433483922999999,-2.3025850930000002,2.648807283,6.214608097999999,0.10399532
0.2,10,0.08,-3.243680944,-1.820554084,2.3025850930000002,0.0,4.6051701860000005,-2.3025850930000002,-0.97553365,4.6051701860000005,0.10095123
0.5,10,0.08,-2.864002503,-1.3632343,3.218875825,0.0,4.6051701860000005,-1.609437912,-0.97553365,4.6051701860000005,0.18994357
0.5,10,0.08,-2.596687733,-1.138734528,3.218875825,0.0,4.6051701860000005,-2.3025850930000002,-0.97553365,4.6051701860000005,0.09982322
0.5,10,0.08,-2.596687733,-1.138734528,3.218875825,0.0,4.6051701860000005,-2.3025850930000002,-0.97553365,4.6051701860000005,0.09982322
0.5,10,0.08,-2.596687733,-1.138734528,3.218875825,0.0,4.6051701860000005,-2.3025850930000002,-0.97553365,4.6051701860000005,0.099919036
0.2,10,0.08,-3.243680944,-1.820554084,2.3025850930000002,0.0,4.6051701860000005,-2.3025850930000002,-0.97553365,4.6051701860000005,0.10031102
0.5,10,0.08,-2.596687733,-1.138734528,3.218875825,0.0,4.6051701860000005,-2.3025850930000002,-0.97553365,4.6051701860000005,0.1021604
0.2,10,0.08,-3.243680944,-1.820554084,2.3025850930000002,0.0,4.6051701860000005,-2.3025850930000002,-0.97553365,4.6051701860000005,0.10325038
0.2,10,0.08,-3.6045383060000002,-2.084639025,2.3025850930000002,0.0,4.6051701860000005,-1.609437912,-0.97553365,4.6051701860000005,0.19714206
0.5,10,0.08,-2.596687733,-1.138734528,3.218875825,0.0,4.6051701860000005,-2.3025850930000002,-0.97553365,4.6051701860000005,0.10602417
0.5,10,0.08,-2.596687733,-1.138734528,3.218875825,0.0,4.6051701860000005,-2.3025850930000002,-0.97553365,4.6051701860000005,0.10319611
0.2,10,0.08,-3.507224786,-2.0066372759999997,2.3025850930000002,0.0,6.214608097999999,-2.3025850930000002,0.123078638,6.214608097999999,0.098555654
0.5,10,0.08,-3.2390785319999997,-1.642911969,3.218875825,0.0,6.214608097999999,-1.609437912,0.123078638,6.214608097999999,0.20583923
0.1,20,0.08,-3.833211825,-1.902413973,2.995732274,0.0,6.214608097999999,-1.609437912,0.123078638,6.214608097999999,0.21257655
0.5,10,0.08,-2.897879873,-1.3556953230000002,3.218875825,0.0,6.214608097999999,-2.3025850930000002,0.123078638,6.214608097999999,0.10517027
0.2,15,0.08,-3.611918413,-1.782696661,3.113515309,0.0,6.214608097999999,-1.609437912,0.123078638,6.214608097999999,0.20259583
0.2,15,0.08,-3.611918413,-1.782696661,3.113515309,0.0,6.214608097999999,-1.609437912,0.123078638,6.214608097999999,0.20478828
0.1,15,0.08,-3.6698614480000002,-2.002954687,2.420368129,0.0,6.214608097999999,-2.3025850930000002,0.123078638,6.214608097999999,0.10679033
0.2,15,0.08,-3.611918413,-1.782696661,3.113515309,0.0,6.214608097999999,-1.609437912,0.123078638,6.214608097999999,0.19697796
0.2,15,0.08,-3.611918413,-1.782696661,3.113515309,0.0,6.214608097999999,-1.609437912,0.123078638,6.214608097999999,0.19697796
0.5,10,0.08,-3.2390785319999997,-1.642911969,3.218875825,0.0,6.214608097999999,-1.609437912,0.123078638,6.214608097999999,0.20118569
0.5,10,0.08,-3.2390785319999997,-1.642911969,3.218875825,0.0,6.214608097999999,-1.609437912,0.123078638,6.214608097999999,0.20027429
0.2,5,0.04,-2.033168829,-1.14245133,0.916290732,0.0,4.6051701860000005,0.0,-1.6686808309999999,4.6051701860000005,0.8821793
0.5,10,0.04,-2.200570168,-0.5928892610000001,3.218875825,1.609437912,6.214608097999999,0.0,-0.059242918,4.6051701860000005,0.8903042
0.5,15,0.08,-3.08521944,-1.189570353,4.0298060410000005,1.609437912,6.214608097999999,0.0,0.633904262,4.6051701860000005,0.7935224
0.1,15,0.04,-3.96121325,-1.958655021,2.420368129,2.3025850930000002,6.907755279,0.0,0.633904262,4.6051701860000005,0.7967755
0.5,10,0.04,-2.898242652,-1.236564869,3.218875825,2.3025850930000002,6.907755279,0.0,0.633904262,4.6051701860000005,0.9190674
0.5,15,0.04,-2.554900022,-0.540096534,4.0298060410000005,2.3025850930000002,6.907755279,0.0,0.633904262,4.6051701860000005,0.91803885
0.1,10,0.04,-3.7661925569999997,-2.127993334,1.609437912,1.609437912,6.907755279,0.0,0.34622219,5.298317367,0.9566572
0.1,5,0.04,-2.9099216169999997,-1.9923101719999998,0.22314355100000002,0.0,6.214608097999999,0.0,-0.570068542,6.214608097999999,0.99603266
0.2,10,0.04,-3.3049785239999996,-1.657725203,2.3025850930000002,1.609437912,7.824046011,0.0,1.03936937,6.214608097999999,1.0287515
0.5,5,0.04,-2.967339199,-1.958995389,1.832581464,1.609437912,7.824046011,0.0,1.03936937,6.214608097999999,0.9165921
0.5,15,0.04,-3.2289261610000004,-1.189399512,4.0298060410000005,2.3025850930000002,6.907755279,-2.3025850930000002,0.633904262,4.6051701860000005,0.10384921
0.5,10,0.04,-4.399783356,-2.625714739,3.218875825,3.218875825,7.824046011,-2.3025850930000002,1.5501949940000002,4.6051701860000005,0.10289456
0.5,15,0.04,-4.109255175,-2.010214031,4.0298060410000005,3.218875825,7.824046011,-2.3025850930000002,1.5501949940000002,4.6051701860000005,0.10310556
0.2,20,0.04,-3.392039444,-1.1507733279999999,3.688879454,1.609437912,6.907755279,-2.3025850930000002,0.34622219,5.298317367,0.110689856
0.5,10,0.04,-3.1172221710000003,-1.456682491,3.218875825,1.609437912,6.907755279,-2.3025850930000002,0.34622219,5.298317367,0.11201372
0.2,20,0.04,-4.008533906,-1.685304353,3.688879454,2.3025850930000002,7.60090246,-2.3025850930000002,1.03936937,5.298317367,0.10842407
0.5,10,0.04,-3.7818723210000003,-2.072871174,3.218875825,2.3025850930000002,7.60090246,-2.3025850930000002,1.03936937,5.298317367,0.11496469
0.2,5,0.04,-3.127208636,-2.1328423180000002,0.916290732,0.0,6.214608097999999,-2.3025850930000002,-0.570068542,6.214608097999999,0.11229336
0.2,10,0.04,-4.072191758,-2.361910559,2.3025850930000002,1.609437912,7.824046011,-2.3025850930000002,1.03936937,6.214608097999999,0.11636409
0.2,15,0.04,-3.7766183680000003,-1.729122755,3.113515309,1.609437912,7.824046011,-2.3025850930000002,1.03936937,6.214608097999999,0.11483875
0.2,20,0.08,-4.398156017,-2.139582281,3.688879454,1.609437912,7.824046011,-2.3025850930000002,1.732516551,6.214608097999999,0.10357612
0.1,15,0.04,-4.917144951,-2.76341493,2.420368129,2.3025850930000002,8.517193191,-2.3025850930000002,1.732516551,6.214608097999999,0.10667525
0.2,10,0.04,-4.64183417,-2.820301067,2.3025850930000002,2.3025850930000002,8.517193191,-2.3025850930000002,1.732516551,6.214608097999999,0.104157455
0.5,10,0.04,-3.895165888,-2.18490873,3.218875825,2.3025850930000002,8.517193191,-2.3025850930000002,1.732516551,6.214608097999999,0.106031805
0.5,15,0.04,-3.616372763,-1.5324583530000002,4.0298060410000005,2.3025850930000002,8.517193191,-2.3025850930000002,1.732516551,6.214608097999999,0.11123741
0.5,20,0.04,-3.3813947539999996,-1.043703737,4.6051701860000005,2.3025850930000002,8.517193191,-2.3025850930000002,1.732516551,6.214608097999999,0.108306795
0.1,10,0.04,-4.686380241,-2.8781270310000004,1.609437912,1.609437912,6.214608097999999,-1.609437912,-0.059242918,4.6051701860000005,0.20083989
0.1,20,0.04,-4.0675079080000005,-1.838172062,2.995732274,1.609437912,6.214608097999999,-1.609437912,-0.059242918,4.6051701860000005,0.19153026
0.2,20,0.04,-3.433307436,-1.203932805,3.688879454,1.609437912,6.214608097999999,-1.609437912,-0.059242918,4.6051701860000005,0.18308581
0.5,10,0.04,-3.228421238,-1.56515312,3.218875825,1.609437912,6.214608097999999,-1.609437912,-0.059242918,4.6051701860000005,0.19720955
0.5,20,0.04,-3.225397042,-0.909881316,4.6051701860000005,2.3025850930000002,6.907755279,-1.609437912,0.633904262,4.6051701860000005,0.18381065
0.5,5,0.04,-2.442537053,-1.4708418669999999,1.832581464,0.0,5.298317367,-1.609437912,-1.263215723,5.298317367,0.19010898
0.2,10,0.08,-3.7661925569999997,-2.159975036,2.3025850930000002,0.0,5.298317367,-1.609437912,-0.570068542,5.298317367,0.19982721
0.2,15,0.08,-3.445776425,-1.671866661,3.113515309,0.0,5.298317367,-1.609437912,-0.570068542,5.298317367,0.18091376
0.1,10,0.04,-4.781907363999999,-2.956973205,1.609437912,1.609437912,6.907755279,-1.609437912,0.34622219,5.298317367,0.18924768
0.2,10,0.04,-4.250296864,-2.533005053,2.3025850930000002,1.609437912,6.907755279,-1.609437912,0.34622219,5.298317367,0.17536484
0.2,15,0.04,-3.9301869760000003,-1.886298746,3.113515309,1.609437912,6.907755279,-1.609437912,0.34622219,5.298317367,0.18466811
0.2,20,0.04,-3.6944951930000003,-1.414134321,3.688879454,1.609437912,6.907755279,-1.609437912,0.34622219,5.298317367,0.19745627
0.2,20,0.08,-4.611188258,-2.2622880359999997,3.688879454,1.609437912,6.907755279,-1.609437912,1.03936937,5.298317367,0.20274891
0.5,15,0.08,-4.218548166000001,-2.091093159,4.0298060410000005,1.609437912,6.907755279,-1.609437912,1.03936937,5.298317367,0.19891912
0.5,20,0.08,-3.972835145,-1.679216807,4.6051701860000005,1.609437912,6.907755279,-1.609437912,1.03936937,5.298317367,0.18841934
0.5,10,0.04,-4.09234656,-2.363057226,3.218875825,2.3025850930000002,7.60090246,-1.609437912,1.03936937,5.298317367,0.1976205
0.5,15,0.04,-3.7766183680000003,-1.698990698,4.0298060410000005,2.3025850930000002,7.60090246,-1.609437912,1.03936937,5.298317367,0.2075178
0.2,20,0.04,-5.092930537,-2.6733010090000002,3.688879454,3.218875825,8.517193191,-1.609437912,1.955660102,5.298317367,0.20711869
0.5,15,0.04,-4.5873302680000005,-2.4396885719999997,4.0298060410000005,3.218875825,8.517193191,-1.609437912,1.955660102,5.298317367,0.20389551
0.1,10,0.04,-3.580563311,-1.983404353,1.609437912,0.0,6.214608097999999,-1.609437912,-0.570068542,6.214608097999999,0.20947295
0.2,10,0.08,-3.884407838,-2.2491580769999997,2.3025850930000002,0.0,6.214608097999999,-1.609437912,0.123078638,6.214608097999999,0.20060484
0.1,15,0.04,-4.6950948939999995,-2.593793375,2.420368129,1.609437912,7.824046011,-1.609437912,1.03936937,6.214608097999999,0.19238181
0.2,15,0.04,-4.135166557,-2.057194845,3.113515309,1.609437912,7.824046011,-1.609437912,1.03936937,6.214608097999999,0.2003787
0.2,20,0.04,-3.918041078,-1.6053861319999998,3.688879454,1.609437912,7.824046011,-1.609437912,1.03936937,6.214608097999999,0.19693159
0.5,5,0.04,-4.08399827,-2.905233651,1.832581464,1.609437912,7.824046011,-1.609437912,1.03936937,6.214608097999999,0.21498857
0.5,10,0.04,-4.240527072,-2.493648751,3.218875825,2.3025850930000002,8.517193191,-1.609437912,1.732516551,6.214608097999999,0.19099109
0.5,15,0.04,-3.969652118,-1.8773173580000002,4.0298060410000005,2.3025850930000002,8.517193191,-1.609437912,1.732516551,6.214608097999999,0.19714089
0.5,20,0.04,-3.742280231,-1.390157815,4.6051701860000005,2.3025850930000002,8.517193191,-1.609437912,1.732516551,6.214608097999999,0.1930492
0.2,15,0.04,-5.339139361,-3.070886947,3.113515309,3.218875825,9.433483922999999,-1.609437912,2.648807283,6.214608097999999,0.19673502
0.5,10,0.04,-4.898199865,-3.016261565,3.218875825,3.218875825,9.433483922999999,-1.609437912,2.648807283,6.214608097999999,0.20062397
